{"usuarios":[{"id":1,"nome":"","tempo":"","tempoStr":"","cidade":"","telefone":""},{"id":2,"nome":"","tempo":"","tempoStr":"","cidade":"","telefone":""},{"id":3,"nome":"","tempo":"","tempoStr":"","cidade":"","telefone":""},{"id":4,"nome":"","tempo":"","tempoStr":"","cidade":"","telefone":""},{"id":5,"nome":"","tempo":"","tempoStr":"","cidade":"","telefone":""},{"id":6,"nome":"","tempo":"","tempoStr":"","cidade":"","telefone":""},{"id":7,"nome":"","tempo":"","tempoStr":"","cidade":"","telefone":""},{"id":8,"nome":"","tempo":"","tempoStr":"","cidade":"","telefone":""},{"id":9,"nome":"","tempo":"","tempoStr":"","cidade":"","telefone":""},{"id":10,"nome":"","tempo":"","tempoStr":"","cidade":"","telefone":""}]}